Public ID,1000x1000 Image URL
work_round_nightes_y2tjeg,"https://res.cloudinary.com/dw9oeeyt3/image/upload/w_1000,h_1000,c_fill,g_auto,q_auto,f_auto/v1773156858/work_round_nightes_y2tjeg.jpg"
work_round_nighty_red_color_a00kx3,"https://res.cloudinary.com/dw9oeeyt3/image/upload/w_1000,h_1000,c_fill,g_auto,q_auto,f_auto/v1773156858/work_round_nighty_red_color_a00kx3.jpg"
kalyani_night_red_color_wwljgh,"https://res.cloudinary.com/dw9oeeyt3/image/upload/w_1000,h_1000,c_fill,g_auto,q_auto,f_auto/v1773156858/kalyani_night_red_color_wwljgh.jpg"
work_night_nm1mte,"https://res.cloudinary.com/dw9oeeyt3/image/upload/w_1000,h_1000,c_fill,g_auto,q_auto,f_auto/v1773156858/work_night_nm1mte.jpg"
kalyani_mother_night_yellow_color_mwakic,"https://res.cloudinary.com/dw9oeeyt3/image/upload/w_1000,h_1000,c_fill,g_auto,q_auto,f_auto/v1773156857/kalyani_mother_night_yellow_color_mwakic.jpg"
tops_gdfked,"https://res.cloudinary.com/dw9oeeyt3/image/upload/w_1000,h_1000,c_fill,g_auto,q_auto,f_auto/v1773156857/tops_gdfked.jpg"
zip_nighty_mawhi2,"https://res.cloudinary.com/dw9oeeyt3/image/upload/w_1000,h_1000,c_fill,g_auto,q_auto,f_auto/v1773156857/zip_nighty_mawhi2.jpg"
kalyani_mother_red_coler_and_desine_nighty_ahbjdx,"https://res.cloudinary.com/dw9oeeyt3/image/upload/w_1000,h_1000,c_fill,g_auto,q_auto,f_auto/v1773156857/kalyani_mother_red_coler_and_desine_nighty_ahbjdx.jpg"
girls_t_shot_an_dpant_sjl5jg,"https://res.cloudinary.com/dw9oeeyt3/image/upload/w_1000,h_1000,c_fill,g_auto,q_auto,f_auto/v1773156855/girls_t_shot_an_dpant_sjl5jg.jpg"
all_ping_nighty_nxggdh,"https://res.cloudinary.com/dw9oeeyt3/image/upload/w_1000,h_1000,c_fill,g_auto,q_auto,f_auto/v1773156856/all_ping_nighty_nxggdh.jpg"
long_piti_coate_ipbfuw,"https://res.cloudinary.com/dw9oeeyt3/image/upload/w_1000,h_1000,c_fill,g_auto,q_auto,f_auto/v1773156856/long_piti_coate_ipbfuw.jpg"
frok_model_nighty_lxgibt,"https://res.cloudinary.com/dw9oeeyt3/image/upload/w_1000,h_1000,c_fill,g_auto,q_auto,f_auto/v1773156856/frok_model_nighty_lxgibt.jpg"
workless_nighty_qu51no,"https://res.cloudinary.com/dw9oeeyt3/image/upload/w_1000,h_1000,c_fill,g_auto,q_auto,f_auto/v1773156856/workless_nighty_qu51no.jpg"
fork_latest_nighty_qrvgr6,"https://res.cloudinary.com/dw9oeeyt3/image/upload/w_1000,h_1000,c_fill,g_auto,q_auto,f_auto/v1773156856/fork_latest_nighty_qrvgr6.jpg"
medium_shot_e2t494,"https://res.cloudinary.com/dw9oeeyt3/image/upload/w_1000,h_1000,c_fill,g_auto,q_auto,f_auto/v1773156855/medium_shot_e2t494.jpg"
three_for_shot_xvvql7,"https://res.cloudinary.com/dw9oeeyt3/image/upload/w_1000,h_1000,c_fill,g_auto,q_auto,f_auto/v1773156855/three_for_shot_xvvql7.jpg"
round_neck_nighty_gfgp7e,"https://res.cloudinary.com/dw9oeeyt3/image/upload/w_1000,h_1000,c_fill,g_auto,q_auto,f_auto/v1773156855/round_neck_nighty_gfgp7e.jpg"
Jumbo_Kalyan_nighties_ussjuj,"https://res.cloudinary.com/dw9oeeyt3/image/upload/w_1000,h_1000,c_fill,g_auto,q_auto,f_auto/v1773156854/Jumbo_Kalyan_nighties_ussjuj.jpg"
round_neck_nighty_green_kf152n,"https://res.cloudinary.com/dw9oeeyt3/image/upload/w_1000,h_1000,c_fill,g_auto,q_auto,f_auto/v1773156854/round_neck_nighty_green_kf152n.jpg"
jumbo_nighty_afsgcx,"https://res.cloudinary.com/dw9oeeyt3/image/upload/w_1000,h_1000,c_fill,g_auto,q_auto,f_auto/v1773156854/jumbo_nighty_afsgcx.jpg"
Jumbo_nighties_ipwxex,"https://res.cloudinary.com/dw9oeeyt3/image/upload/w_1000,h_1000,c_fill,g_auto,q_auto,f_auto/v1773156854/Jumbo_nighties_ipwxex.jpg"
langa_red_color_ca7qdw,"https://res.cloudinary.com/dw9oeeyt3/image/upload/w_1000,h_1000,c_fill,g_auto,q_auto,f_auto/v1773156853/langa_red_color_ca7qdw.jpg"
langa_cream_color_cpgdzo,"https://res.cloudinary.com/dw9oeeyt3/image/upload/w_1000,h_1000,c_fill,g_auto,q_auto,f_auto/v1773156853/langa_cream_color_cpgdzo.jpg"
